scenario,algorithm,num_processes,num_runs,avg_waiting_mean,avg_waiting_std,avg_turnaround_mean,avg_turnaround_std,avg_response_mean,avg_response_std,max_waiting_mean,max_waiting_std,max_response_mean,max_response_std,low_prio_wait_mean,low_prio_wait_std,utilisation_mean,utilisation_std,throughput_mean,throughput_std
ideal,FCFS,10,30,37.21,9.7023,47.5767,11.1056,37.21,9.7023,76.2333,17.6824,76.2333,17.6824,34.8861,17.6789,99.8289,0.6512,0.099,0.018
ideal,SRTF,10,30,25.5133,8.1617,35.88,9.7244,22.9533,8.1348,75.3667,18.6409,72.8,18.8394,21.9817,17.3126,99.8289,0.6512,0.099,0.018
ideal,Round Robin (q=4),10,30,51.03,15.9485,61.3967,17.5225,12.97,2.4232,75.4333,17.4587,27.4,4.5984,48.0322,22.0521,99.8289,0.6512,0.099,0.018
ideal,Round Robin (random q),10,30,48.38,15.4134,58.7467,16.9267,12.7533,3.135,79.7333,19.0787,27.1667,6.9485,44.6889,22.037,99.8289,0.6512,0.099,0.018
ideal,Priority (preemptive),10,30,38.0233,10.0161,48.39,11.4256,31.4333,10.1907,82.3333,15.7356,81.1333,14.6799,69.2167,22.0673,99.8289,0.6512,0.099,0.018
ideal,Priority + aging,10,30,42.1267,12.556,52.4933,13.981,24.38,8.0628,84.0667,17.3621,64.0333,15.2372,66.1,22.1199,99.8289,0.6512,0.099,0.018
ideal,FCFS,20,30,79.26,13.4803,89.6283,14.3087,79.26,13.4803,160.2333,23.8496,160.2333,23.8496,74.032,24.486,99.9105,0.3407,0.0975,0.0109
ideal,SRTF,20,30,52.79,11.6525,63.1583,12.651,50.11,11.4943,164.4333,24.207,164,24.0932,50.5271,24.8416,99.9105,0.3407,0.0975,0.0109
ideal,Round Robin (q=4),20,30,107.035,22.0675,117.4033,23.0446,28.7733,3.9226,167.9,21.7689,59.5333,6.7861,103.2408,29.8499,99.9105,0.3407,0.0975,0.0109
ideal,Round Robin (random q),20,30,102.76,22.0477,113.1283,23.0039,27.6033,4.8532,173.9667,20.5954,55.7,7.4285,98.9204,29.6159,99.9105,0.3407,0.0975,0.0109
ideal,Priority (preemptive),20,30,79.3833,12.5556,89.7517,13.4644,70.9983,13.1317,177.7333,24.7106,175.9667,22.5732,149.8114,24.1368,99.9105,0.3407,0.0975,0.0109
ideal,Priority + aging,20,30,90.8033,15.1246,101.1717,16.0765,46.94,8.0202,179.1,20.9685,111.7333,12.1057,134.8113,23.7758,99.9105,0.3407,0.0975,0.0109
ideal,FCFS,30,30,121.1022,17.1047,131.4311,17.9231,121.1022,17.1047,241.5,28.4663,241.5,28.4663,115.995,35.0772,99.9397,0.2298,0.0976,0.0091
ideal,SRTF,30,30,78.9822,15.0074,89.3111,15.9056,76.4122,14.8745,255.4667,31.5952,255.2333,31.5121,75.7672,32.111,99.9397,0.2298,0.0976,0.0091
ideal,Round Robin (q=4),30,30,160.7578,29.0955,171.0867,29.994,44.8067,4.9389,258.8667,29.7747,91.2,8.36,156.0633,38.405,99.9397,0.2298,0.0976,0.0091
ideal,Round Robin (random q),30,30,155.8822,28.0104,166.2111,28.8759,42.7556,5.9388,269.3,30.2349,86.8333,10.1983,151.923,35.6752,99.9397,0.2298,0.0976,0.0091
ideal,Priority (preemptive),30,30,120.5389,16.588,130.8678,17.3861,111.4267,17.6415,270.5,31.0925,268.7333,29.5319,229.2595,32.8261,99.9397,0.2298,0.0976,0.0091
ideal,Priority + aging,30,30,143.1367,22.2258,153.4656,23.0741,65.4089,9.8286,277.9667,31.9423,147.4667,14.5216,202.6694,29.9921,99.9397,0.2298,0.0976,0.0091
ideal,FCFS,40,30,162.8217,20.3041,173.2108,21.1165,162.8217,20.3041,327.9333,39.3262,327.9333,39.3262,159.9418,29.8806,99.9528,0.1803,0.097,0.009
ideal,SRTF,40,30,106.4292,19.6063,116.8183,20.54,103.8792,20.0109,347.9,41.8489,347.9,41.8489,101.0091,31.5248,99.9528,0.1803,0.097,0.009
ideal,Round Robin (q=4),40,30,216.8167,37.2927,227.2058,38.2152,60.7233,5.691,353.5667,37.0747,122.9333,8.1788,211.8273,42.9097,99.9528,0.1803,0.097,0.009
ideal,Round Robin (random q),40,30,211.3758,35.9853,221.765,36.8875,57.8417,6.8187,369.2,39.7001,117.2333,11.7347,207.9982,40.7985,99.9528,0.1803,0.097,0.009
ideal,Priority (preemptive),40,30,164.4475,20.9703,174.8367,21.8221,154.7958,21.4664,366.5667,44.4256,364.8,43.6446,312.1836,39.8583,99.9528,0.1803,0.097,0.009
ideal,Priority + aging,40,30,196.7467,29.5367,207.1358,30.4083,82.6533,11.1143,375.1333,43.508,184.2667,18.8056,268.8911,41.6685,99.9528,0.1803,0.097,0.009
ideal,FCFS,50,30,205.132,23.2554,215.54,23.867,205.132,23.2554,413.5,39.3681,413.5,39.3681,208.17,34.4731,99.9603,0.1515,0.0965,0.0065
ideal,SRTF,50,30,133.1807,19.2547,143.5887,19.9265,130.5987,19.6695,442.1,40.7341,442.1,40.7341,125.3128,37.1644,99.9603,0.1515,0.0965,0.0065
ideal,Round Robin (q=4),50,30,271.8307,38.1381,282.2387,38.8081,76.742,6.2653,447.0667,36.1719,155.7,10.5933,263.5595,46.8938,99.9603,0.1515,0.0965,0.0065
ideal,Round Robin (random q),50,30,265.3693,37.4539,275.7773,38.1159,73.0693,7.5135,467.7333,38.919,148.2667,12.9427,260.1578,45.8374,99.9603,0.1515,0.0965,0.0065
ideal,Priority (preemptive),50,30,208.3087,23.4908,218.7167,24.1035,198.332,23.8935,461.4333,42.2763,459.6667,41.0948,390.8779,41.7319,99.9603,0.1515,0.0965,0.0065
ideal,Priority + aging,50,30,248.7,31.3021,259.108,31.9166,97.84,10.9719,473.4,35.0995,214.5333,16.9497,325.1876,39.8783,99.9603,0.1515,0.0965,0.0065
realistic,FCFS,10,30,62.04,14.4248,77.25,16.0741,21.8733,4.5616,88.3667,17.6117,47.1333,8.7877,60.2694,21.379,84.4695,2.1301,0.0834,0.0127
realistic,SRTF,10,30,38.0533,9.4192,53.2633,11.1522,27.19,7.8113,93.2,18.7182,86.4,18.6946,34.2206,20.7711,81.7672,2.968,0.0807,0.0122
realistic,Round Robin (q=4),10,30,72.6233,20.2855,87.8333,22.0224,15.34,2.5328,102.8,22.5716,33.4,5.3473,67.5572,27.3443,75.9635,0.8372,0.0753,0.0133
realistic,Round Robin (random q),10,30,71.4833,19.7842,86.6933,21.4575,15.0367,2.9088,109.6667,23.5465,31.8333,5.772,68.7522,28.2689,74.3686,2.2493,0.0736,0.0122
realistic,Priority (preemptive),10,30,49.83,9.9939,65.04,11.5873,35.5367,11.1934,105.1,16.121,95.4667,15.7474,89.5356,24.0923,79.993,3.0543,0.0789,0.0116
realistic,Priority + aging,10,30,60.95,14.4162,76.16,16.0549,25.96,7.4263,109.0333,18.7864,68.7667,13.4079,93.5367,26.4311,77.6156,2.6606,0.0767,0.0121
realistic,FCFS,20,30,134.325,19.5405,149.585,20.5145,50.335,6.3658,194.4,22.0589,105.5667,12.6182,129.2815,25.8,84.235,1.4071,0.082,0.0077
realistic,SRTF,20,30,78.6933,12.5338,93.9533,13.5825,61.6833,11.2145,204.5667,22.9222,194.7,25.6759,75.7422,29.693,82.3816,1.9573,0.0802,0.0074
realistic,Round Robin (q=4),20,30,154.3167,26.7866,169.5767,27.8298,35.055,3.5817,231.3667,27.4006,72.6667,5.7854,147.1914,37.1939,75.4739,0.7551,0.0736,0.0077
realistic,Round Robin (random q),20,30,152.6683,26.5565,167.9283,27.5717,33.4483,3.6514,240.8667,26.6455,68.2,5.7739,149.2325,37.1401,73.4738,1.618,0.0716,0.0075
realistic,Priority (preemptive),20,30,104.3533,12.2817,119.6133,13.1382,83.8733,13.2065,224.5,23.8613,210.3333,21.9943,190.9347,26.0555,81.5111,2.1065,0.0793,0.007
realistic,Priority + aging,20,30,141.845,19.2907,157.105,20.2022,50.5733,7.3899,240.6,25.1952,119.9,9.7922,203.3244,28.4652,75.3394,2.1129,0.0733,0.0065
realistic,FCFS,30,30,205.0578,25.5651,220.2356,26.502,78.6489,8.7688,294.5333,28.9836,160,16.0043,198.908,36.4034,84.1699,1.1702,0.0821,0.0065
realistic,SRTF,30,30,118.1856,17.1605,133.3633,18.1546,95.2556,14.439,313.6667,32.4296,304.5667,33.0273,113.4552,38.6326,82.5794,1.4143,0.0805,0.0062
realistic,Round Robin (q=4),30,30,234.0511,35.9487,249.2289,36.9413,54.26,4.3775,357.1667,37.7049,109,8.141,228.3864,44.3016,75.3338,0.6147,0.0735,0.0065
realistic,Round Robin (random q),30,30,232.0344,34.0659,247.2122,35.0135,51.6467,4.684,373.5667,35.947,104.8333,10.3394,228.5588,44.78,73.387,1.2972,0.0716,0.0061
realistic,Priority (preemptive),30,30,157.3278,16.9183,172.5056,17.7749,132.7667,17.2706,340.9667,31.1929,324.8667,28.3789,288.8104,33.1889,82.4396,1.5453,0.0804,0.0062
realistic,Priority + aging,30,30,221.4711,27.5935,236.6489,28.4792,70.7867,8.0311,375.9,35.7977,157.6333,14.1579,299.5468,35.3881,75.015,1.3613,0.0731,0.0059
realistic,FCFS,40,30,276.9225,30.4344,292.1075,31.4187,106.9125,10.8606,400.8333,39.0941,218.2,20.2628,271.7719,33.4599,84.2248,1.2081,0.0817,0.0065
realistic,SRTF,40,30,157.8967,22.4165,173.0817,23.4615,130.0667,18.791,425.2,39.2906,413.2333,43.3945,150.3552,38.6437,82.781,1.4221,0.0802,0.0062
realistic,Round Robin (q=4),40,30,315.5558,44.8853,330.7408,45.9201,73.2067,5.1605,486.6333,50.2494,147.1667,9.763,309.2458,47.9581,75.3155,0.5905,0.0731,0.0064
realistic,Round Robin (random q),40,30,313.6067,43.3122,328.7917,44.3197,70.0475,6.1285,510.2333,47.8501,141.4,12.8159,310.6931,47.7779,73.4857,1.1602,0.0713,0.0062
realistic,Priority (preemptive),40,30,213.4242,22.0386,228.6092,23.015,183.8592,20.6275,456.4333,41.1496,437.5667,44.6416,390.9386,41.8958,83.0671,1.4147,0.0805,0.0062
realistic,Priority + aging,40,30,306.0417,34.5506,321.2267,35.5468,88.7342,8.0927,508.6,47.935,192.8333,13.8342,394.185,46.0023,74.3572,1.5842,0.0721,0.0055
realistic,FCFS,50,30,348.8067,31.9727,363.928,32.7258,135.2533,12.4778,505.8333,39.659,274.7,21.6176,345.2755,36.8334,84.2861,0.885,0.0813,0.0046
realistic,SRTF,50,30,196.9147,22.1569,212.036,22.9373,164.3073,19.3059,537.3,36.6918,522.9,44.4044,185.155,46.024,82.8947,1.0125,0.0799,0.0046
realistic,Round Robin (q=4),50,30,395.7093,45.1808,410.8307,45.9626,92.38,5.88,617.2,47.2823,186.8,10.5386,387.7371,54.2038,75.2998,0.5042,0.0726,0.0046
realistic,Round Robin (random q),50,30,394.2013,44.9638,409.3227,45.7296,88.6707,7.0131,646.3333,49.0308,180.9,10.8924,388.4502,53.4284,73.4122,0.8718,0.0708,0.0044
realistic,Priority (preemptive),50,30,269.5247,23.9115,284.646,24.6422,234.998,22.7637,572.7333,39.3016,551.4667,42.2927,488.2037,42.1774,83.3615,1.0309,0.0804,0.0045
realistic,Priority + aging,50,30,389.1953,42.0996,404.3167,42.8224,107.0413,8.9953,647.7333,49.1864,231.4,17.7562,487.4461,46.3743,74.1295,1.1286,0.0715,0.0041
