num_processes,quantum,num_runs,avg_waiting_time_mean,avg_turnaround_time_mean,avg_response_time_mean
10,1,20,49.63,59.715,3.3
10,2,20,49.585,59.67,6.795
10,4,20,48.715,58.8,13.115
10,8,20,46.935,57.02,23.35
10,16,20,44.73,54.815,35.98
10,32,20,38.21,48.295,38.21
30,1,20,164.5383,174.8168,12.1265
30,2,20,163.3084,173.5866,23.97
30,4,20,160.4817,170.7601,45.0767
30,8,20,156.485,166.7635,79.4767
30,16,20,137.3983,147.6766,115.4434
30,32,20,120.8133,131.0917,120.8133
50,1,20,287.374,297.922,20.955
50,2,20,284.838,295.386,40.968
50,4,20,279.152,289.7,77.085
50,8,20,268.843,279.391,134.425
50,16,20,234.86,245.408,197.046
50,32,20,205.665,216.213,205.665
