algorithm,num_processes,avg_waiting_time,avg_turnaround_time,avg_response_time,cpu_utilization_pct,throughput
FCFS,10,40.9,52.8,40.9,100.0,0.08403
SRTF,10,29.2,41.1,25.1,100.0,0.08403
Round Robin,10,59.5,71.4,10.9,100.0,0.08403
FCFS,20,103.6,115.9,103.6,100.0,0.0813
SRTF,20,69.3,81.6,62.6,100.0,0.0813
Round Robin,20,141.05,153.35,27.4,100.0,0.0813
FCFS,30,147.333,158,147.333,100.0,0.09375
SRTF,30,81.833,92.5,74.1,100.0,0.09375
Round Robin,30,176.1,186.767,45.133,100.0,0.09375
FCFS,40,187.275,197.525,187.275,100.0,0.09756
SRTF,40,102.15,112.4,94.225,100.0,0.09756
Round Robin,40,221.45,231.7,63.25,100.0,0.09756
FCFS,50,225.14,235.68,225.14,100.0,0.09488
SRTF,50,131.28,141.82,123.54,100.0,0.09488
Round Robin,50,276.4,286.94,79.82,100.0,0.09488
