algorithm,num_processes,num_runs,avg_waiting_time_mean,avg_waiting_time_std,avg_turnaround_time_mean,avg_turnaround_time_std,avg_response_time_mean,avg_response_time_std,cpu_utilization_pct_mean,cpu_utilization_pct_std,throughput_mean,throughput_std
FCFS,10,30,37.21,9.7023,47.5767,11.1056,37.21,9.7023,99.8289,0.6512,0.099,0.018
SRTF,10,30,25.5133,8.1617,35.88,9.7244,22.9533,8.1348,99.8289,0.6512,0.099,0.018
Round Robin,10,30,51.03,15.9485,61.3967,17.5225,12.97,2.4232,99.8289,0.6512,0.099,0.018
FCFS,20,30,79.26,13.4803,89.6283,14.3087,79.26,13.4803,99.9105,0.3408,0.0975,0.0109
SRTF,20,30,52.79,11.6525,63.1583,12.651,50.11,11.4943,99.9105,0.3408,0.0975,0.0109
Round Robin,20,30,107.035,22.0675,117.4033,23.0446,28.7733,3.9226,99.9105,0.3408,0.0975,0.0109
FCFS,30,30,121.1022,17.1047,131.4312,17.9231,121.1022,17.1047,99.9397,0.2298,0.0976,0.0091
SRTF,30,30,78.9822,15.0073,89.311,15.9055,76.4122,14.8745,99.9397,0.2298,0.0976,0.0091
Round Robin,30,30,160.7578,29.0954,171.0867,29.994,44.8067,4.9389,99.9397,0.2298,0.0976,0.0091
FCFS,40,30,162.8217,20.3041,173.2108,21.1165,162.8217,20.3041,99.9528,0.1802,0.097,0.009
SRTF,40,30,106.4292,19.6063,116.8183,20.54,103.8792,20.0109,99.9528,0.1802,0.097,0.009
Round Robin,40,30,216.8167,37.2927,227.2058,38.2152,60.7233,5.691,99.9528,0.1802,0.097,0.009
FCFS,50,30,205.132,23.2554,215.54,23.867,205.132,23.2554,99.9603,0.1514,0.0965,0.0065
SRTF,50,30,133.1807,19.2547,143.5887,19.9265,130.5987,19.6695,99.9603,0.1514,0.0965,0.0065
Round Robin,50,30,271.8307,38.1381,282.2387,38.8081,76.742,6.2653,99.9603,0.1514,0.0965,0.0065
